text,contextual_chunk
"{'title': 'University of Pittsburgh union vote', 'content': ""An acquaintance of mine who works at the university said that the union vote was successful. I don't see any news stories though. Not even a press release from the Steelworkers. Anyone here know something about this?"", 'date': '2024-09-27 12:45:29'}","A union vote at the University of Pittsburgh has been successful, but there are no reported news stories or press releases."
"{'title': 'Dulce Amor Latino Bakery Monroeville', 'content': 'There aren\'t many authentic Mexican establishments in the Pittsburgh area so I thought I\'d mention that a new bakery has opened in Monroeville (at 500 Garden City Dr., in the same mall as Meglio\'s Pizza). They have authentic pastries, packaged, refrigerated, and frozen snacks and food and a coffee bar with a really beautiful lounge/cafe area. I loved their conchas and ""rock"" cookies (can\'t remember the Mexican name, but they\'re called amashoku in Japan).\n\nThe man we spoke with (who was super friendly) said they serve meal-type food on Wednesdays so we\'ll be headed back to check that out given our very positive experience with the baked goodies. They\'re open everyday except Tuesday according to him. Their Google information is presently incorrect and says they\'re only open three days a week when it\'s actually six. \n\nI hope they get a lot of support because I\'d like them to stay open for selfish reasons!', 'date': '2024-09-27 15:48:52'}","A new bakery called Dulce Amor Latino Bakery Monroeville has opened in Pittsburgh, offering authentic Mexican pastries, snacks, and a coffee bar with a beautiful lounge/cafe area."
"{'title': 'Smoke (BBQ) in Lawrenceville', 'content': 'Has this place permanently closed? Finally made it dahn there with my wife and was crushed to see on google it is permanently closed. What did I miss? Is this true?', 'date': '2024-09-28 22:51:10'}",A BBQ restaurant in Lawrenceville has permanently closed.
"{'title': 'Firefighter Physical Exam', 'content': 'How hard is the FF physical exam to pass? What to expect if you do pass- what are the next steps? Any clue when an academy would open up?', 'date': '2024-09-28 13:01:29'}","The document discusses the difficulty of passing the firefighter physical exam, what to expect after passing, and when academy openings might occur."
"{'title': 'Beetlejuice Fanta', 'content': 'Anybody see where the new beetlejuice Fanta are? They look like this', 'date': '2024-09-29 00:17:29'}",A new Beetlejuice Fanta has been spotted.
"{'title': 'Does Pittsburgh still have any semblance of a metal scene left?', 'content': ""I used to play in a death metal band for about 6 years that split up back in 2016  and the Pittsburgh metal scene was already on life support back then. But, I'd like to check out some local acts if there are any venues still doing local shows like that."", 'date': '2024-09-27 17:05:37'}","The document discusses the current state of the Pittsburgh metal scene, noting that it was already on life support before the author's band split up in 2016."
"{'title': 'Tsukemen Ramen', 'content': ""I don't know who needs to see this but we badly need a Tsukemen Ramen joint in the city. Me and my friends will spend 1000s of dollars there a year.\n\nYour move restaurateurs."", 'date': '2024-09-28 19:35:59'}",A Tsukemen Ramen joint is needed in the city.
"{'title': 'Petersen event parking', 'content': 'I am going to an event at Petersen on Wednesday never been before what and where is the best parking option.', 'date': '2024-09-28 22:33:12'}",Summary: The document is asking for recommendations on the best parking option for an upcoming event at Petersen.
"{'title': 'Stores That Sell Pure Chicken or Beef Powder/Bullion', 'content': ""I'm doing a diet that excludes fermentation sugars such as the ones found in garlic, onion, wheat, lactose, and certain starches. I'm looking for a soup base that is just the essence of the meat. Does anyone know where I can find this not online? I'm specifically doing the low FODMAP/SIBO diet, if that helps."", 'date': '2024-09-28 19:20:58'}",A dietitian seeking pure chicken or beef powder/bullion for a low FODMAP/SIBO diet.
"{'title': 'Looking for Advice on Funding and Incentives for Affordable Senior Housing in Pittsburgh', 'content': ""I'm looking to invest in Pittsburgh real estate by remodeling or building affordable housing, specifically for seniors who are low-income seniors and/or or have a subsidized housing voucher. What incentives or funding programs are available in the area that could help with this type of project?"", 'date': '2024-09-28 21:46:25'}","Investment opportunities for affordable senior housing in Pittsburgh, including incentives and funding programs."
"{'title': 'Play Place from 2000‚Äôs', 'content': 'Does anyone remember the name/location of the indoor play place for kids that had a ball pit and a jungle gym etc. I remember inside the jungle gym there was a dinosaur statue thing that I was terrified of. I‚Äôm trying to remember where this was.', 'date': '2024-09-28 00:07:32'}","A memory jogger for an indoor play place from the 2000s with a ball pit and jungle gym, including a terrifying dinosaur statue."
"{'title': 'Anyone know if this is legit and a safe area?', 'content': 'I will be traveling here soon and found a room on airbnb here. It says ""comfort at Forbes 5"" as the title. Has anyone ever heard of this place and is this a safe area? I will be going to PPG and if this was a legit place I was hoping to walk to and from PPG as well. The pictures inside look nice but the Google Street view looked kinda sketchy to me. Thank you for any help anyone can provide.', 'date': '2024-09-29 00:32:55'}","A traveler is unsure if a specific Airbnb listing is legitimate and safe, particularly near Pittsburgh."
"{'title': 'best place to get rare/exotic fruits?', 'content': 'I usually go to the Asian grocery stores and have moderate success but was wondering if there was somewhere else I wasnt thinking...', 'date': '2024-09-28 00:44:38'}",Asian grocery stores are a good place to get rare/exotic fruits.
"{'title': 'Motorcade on 376?', 'content': 'Just saw a motorcade on 376 just past Forbes going east. About 11:15 AM. 2 white sprinter vans. Anyone have any idea what it was?', 'date': '2024-09-28 15:19:56'}",A motorcade on 376 near Forbes at 11:15 AM.
"{'title': 'Apartment complexes in and around the city with low noise?', 'content': 'I‚Äôm looking to move because my rent keeps going up and it‚Äôs not worth it anymore with the amount of noise in my apartment. The building was not made to have multiple apartments in it and you can hear literally every step of the person upstairs and every door opening and closing and the neighbor downstairs who practices the trumpet. And surprisingly the stomping upstairs is worse than that. \n\nI know apartment living will never be perfect but I‚Äôm desperate for somewhere where I can go to sleep when I want to and sleep in when I want to and I‚Äôm willing to live further outside the city to do so. TIA', 'date': '2024-09-28 12:20:57'}",Apartment living with significant noise in a city center.
"{'title': 'Happy Friday! What‚Äôs your #1 favorite thing about Pittsburgh? ', 'content': 'Title says it all! What‚Äôs your personal favorite thing about the city. Can we big or small. A specific place, the community, restaurant, event, etc.', 'date': '2024-09-27 14:32:07'}",A survey asking people to share their favorite thing about Pittsburgh.
"{'title': 'Is it true??', 'content': ""[What's this called?](https://preview.redd.it/o2fgrttkmnrd1.png?width=517&format=png&auto=webp&s=3eb955ce0108bdb506e85a347b551211839cbba7)"", 'date': '2024-09-29 01:52:02'}",A question about a mysterious image from Reddit.
"{'title': 'Minor Fender Bender at 5th and Negley', 'content': 'If you are or know the driver of the white Kia that got bonked by the blue Ford, I have dashcam footage showing it was clearly accelerating when it hit you.', 'date': '2024-09-28 19:06:26'}","A minor fender-bender involving a white Kia and a blue Ford, captured on dashcam footage."
"{'title': 'Opinions on Riva Ridge Real Estate Services? ', 'content': 'Hello everyone! Anyone on here who‚Äôs had experience with Riva Ridge management company? They have some really nice apartments but I want to know if the management company itself is good. I‚Äôve been trying to contact the leasing agent for a specific property I‚Äôm interested in, and no response. I‚Äôve been giving them the benefit of the doubt and thinking that perhaps they‚Äôre experiencing a lot of high volume atm, mainly because some of the apartments I‚Äôve seen online look really nice. But I would like to hear from anyone who‚Äôs actually rented from them or know someone who has. Any info would be greatly appreciated! :)', 'date': '2024-09-28 04:30:21'}","Summary: A question seeking opinions on Riva Ridge Real Estate Services, asking for experiences with the management company and information about renting properties."
"{'title': 'I don‚Äôt like killing lanternflies', 'content': 'I know they‚Äôre invasive and it‚Äôs the right thing to do. \n\nBut at the same time I feel guilty. I‚Äôve been squashing all the flies I see. \n\nTo be honest I think they‚Äôre beautiful and interesting. They don‚Äôt bite or sting. They‚Äôre kind of cool, actually. \n\nDoes anyone else have issues with killing them?', 'date': '2024-09-28 22:40:17'}",A person feels conflicted about killing invasive lanternflies due to their beauty and lack of harmful effects.
"{'title': 'UPMC Orthopedists', 'content': ""I apologize in advance if this isn't the place for this, but does anyone have any recommendations for shoulder specialists who take UPMC insurance? I have a broken screw in my shoulder. The surgeon who did my last reconstruction told me the broken screw isn't my problem and he wanted to put me on arthritis medication. I haven't had feeling in my pinky or ring finger in 2 months and it's getting to the point where I can't function. I desperately need a 2nd opinion."", 'date': '2024-09-27 06:18:32'}",A patient seeking a second opinion for shoulder issues and pain management due to a broken screw.
"{'title': 'Did anyone else get a better picture of the sunset closer to the city?', 'content': 'I wish I would have gotten a better view for more pictures but by the time I got across the bridge it was almost gone!', 'date': '2024-09-27 01:06:10'}",A person wished they had taken better pictures of the sunset closer to the city due to it being almost gone when they crossed the bridge.
"{'title': 'Who is this man?', 'content': 'This might sound rude but a week or two ago I was in Dormont and I saw a guy wearing a cape and a Chinese farmers hat running around and hitting poles with his sword. Does anyone have any information about this person? IS he a type of street performer or a larper by any chance?', 'date': '2024-09-27 04:15:28'}","A mysterious man in a cape and Chinese farmers hat seen in Dormont, possibly a street performer or larper."
"{'title': 'Reasonably priced places, preferably east side (Shadyside, Swissvale, Penn Hills, Monroeville,etc) for kids 5th birthday? ', 'content': 'I was looking at Primal Pigment in Verona, but wondering if any other options? Their birthday packages are $350/$400+ and just wondering if there is any that are a little less than that?', 'date': '2024-09-28 11:33:45'}","There are reasonably priced birthday package options available for kids' 5th birthdays in various neighborhoods like Shadyside, Swissvale, Penn Hills, Monroeville, etc."
"{'title': 'The Basement - Scare House', 'content': 'All I see is that there‚Äôs a safe word, you will be touched and personal items are locked away. Anyone ever do this and what all does it entail?', 'date': '2024-09-28 02:48:57'}",A document about a scare house game with a safe word and personal items locked away.
"{'title': 'Favorite (living) Pittsburgh artists? ', 'content': 'Recently moved here and looking to familiarize myself with the local talent:) if you have an art account on Instagram, or know someone else‚Äôs Instagram, please let me know their handle!', 'date': '2024-09-28 01:46:04'}",A request for recommendations of Pittsburgh artists on Instagram.
"{'title': ""After decades of ripping off Pittsburgh, Giant Eagle announces 'long-term' produce price cuts!"", 'content': '""Navel oranges, once $1.25, will now cost $1"".  Sweet mercy, my prayers have been answered!  I can finally retire and not have to wonder where my next meal is coming from! A glorious day indeed!  \n.\nEDIT:  Save your money / get your gold / Giant Eagle will eventually fold!  - Duke', 'date': '2024-09-26 13:19:41'}","Giant Eagle announces long-term produce price cuts, potentially leading to financial difficulties for the company."
"{'title': 'Ad tech companies', 'content': 'Hi Pittsburgh! I recently moved here for family reasons and even though I have been telling my work for a year and a half that I was leaving and moving to Pittsburgh, and I was getting positive feedback for working remotely, that changed, ‚Äúshocking‚Äù. So I no longer have job security or feel good about it. I work in the Account Management department in the Advertising/Tech industry. Anyone know a few companies I can look into for employment? Don‚Äôt mind a office/hybrid/remote accommodation, I work in the ad verification sector, I know the industry is very wide.   Any advice/info will help. \n\nThanks in advanced!', 'date': '2024-09-27 21:22:26'}",A job seeker in the advertising and technology industry looking for employment opportunities in Pittsburgh.
"{'title': 'Old man rant', 'content': 'I‚Äôm an older guy from the metroplole and graffiti days.  Left here for LA (long time ago) and moved back for‚Ä¶..anyway you young kids are killing it. I‚Äôm fuckin stoked.  This is my post to say you young folks are fuckin shit up. You don‚Äôt get enough credit in my opinion.', 'date': '2024-09-26 15:39:23'}",An older man from the past expressing frustration with young people's lack of respect and accomplishments.
"{'title': 'Cold hardy camellias in the Burgh?', 'content': ""Would love to plant some cold hardy camellia and am wondering if it's just wishful thinking that they'll do well.  I'd love to hear about anyone's experience with planting could hardy camellia (not potted).  How'd they do with winter? How heavily did you amend the soil (assuming you've got some tough clay like soil like we have in our yard)? Etc.\n\nLooking at cold hardy varieties like: April Snow Camellia Japonica, Lemon Glow, Camellia senensis.\n\nThanks!"", 'date': '2024-09-27 23:20:09'}","A gardening question asking for experiences with planting cold hardy camellias, including soil type and winter survival."
"{'title': 'Live bands around East Liberty tomorrow night 9/28?', 'content': ""Any live bands around the area tomorrow night?  Going to see the star wars cabaret at the strayhorn, but that's over at 9 so hoping to check out a band after"", 'date': '2024-09-28 01:14:31'}",Live music events in East Liberty tomorrow night.
"{'title': 'Pittsburgh Fashion Week Dress Code', 'content': 'Hi! I‚Äôm going to Pittsburgh Fashion Week tonight, but I can‚Äôt find anything online about a dress code. Has anyone ever been and knows what people typically wear to the event?? Thanks!!', 'date': '2024-09-27 14:49:10'}",Pittsburgh Fashion Week dress code inquiry
"{'title': 'home addition cost, extended dormer roof?', 'content': 'I see a lot of older brick houses with slanted roofs with an extended dormer style addition that lifts a portion of the roof. Looking to do something like this and wondering what others have paid. I understand that this type of job has vastly different prices, but just looking for a range. Thanks', 'date': '2024-09-28 01:30:23'}",Summary: A homeowner seeking information on the cost of adding an extended dormer roof to an older brick house.
"{'title': 'Allegheny Health offshoring ', 'content': 'Just heard from a friend who works at AH that they are shipping recruiting, hiring, and customer service support to a call center in India. Fucking unbelievable.', 'date': '2024-09-26 16:50:04'}","A friend at Allegheny Health reports offshoring recruiting, hiring, and customer service support to India."
"{'title': 'THCv?', 'content': 'Delete if not allowed, but i was wondering if anyone knows of any non-medical dispos that carry THCv products in Pittsburgh. I‚Äôve been reading about how it might be good for curbing appetite/sweet tooth, and I‚Äôm at wits end trying to fight sugar cravings. I looked around online through a few shops‚Äô inventories but didn‚Äôt see much. I don‚Äôt want anything that‚Äôll actually get me stoned, just the THCv (pre-rolls, gummies, capsules are fine). Would love to see if anyone had any recommendations.', 'date': '2024-09-28 03:37:13'}",A person looking for THCv products in Pittsburgh without getting stoned.
"{'title': 'Best Chocolate in the South Hills?', 'content': 'Any suggestions? I didnt see much on this searching posts from the last year. Would love some suggestions.\n\n  \nEdit: Looking for something besides Sarris. \n\nEdit 2: I went to Pink House in Finleyville. First time there. Cool shop.', 'date': '2024-09-27 15:27:12'}",A person is seeking recommendations for chocolate in the South Hills area.
"{'title': 'Rachael DelTondo‚Äôs ex-fianc√© charged with allegedly beating girlfriend', 'content': 'Posting this because this board has discussed the Rachael DelTondo murder on multiple occasions. [https://www.wpxi.com/news/local/rachael-deltondos-ex-fianc-charged-with-beating-girlfriend/3HE3ZWFMYZGGDLXUYVTBZZSKXI/](https://www.wpxi.com/news/local/rachael-deltondos-ex-fianc-charged-with-beating-girlfriend/3HE3ZWFMYZGGDLXUYVTBZZSKXI/)', 'date': '2024-09-26 15:35:45'}",Rachael DelTondo's ex-fianc√© charged with allegedly beating her.
"{'title': 'Fishers?', 'content': ""I guess this is more Pittsburgh-adjacent than actually Pittsburgh related, but the main PA sub kinda garbo so I'm putting this here.  Does anyone know if there are Fishers in Washington County?  I swear I saw one picking at a dead raccoon a little while back, but sources online seem pretty mixed as to whether or not they live in PA.  Some sources say that they only live farther north, but others say there is a small population around Allegheny forest.  I guess it might have been a Mink or something but it seemed way too big.  Idk, does anyone have a solid answer?"", 'date': '2024-09-26 20:12:12'}","Is there a fisher population in Washington County, Pennsylvania?"
"{'title': 'Boycott Primanti Brothers', 'content': 'https://x.com/amuse/status/1840117413943099407?s=46&t=-A18TeoywKSr2WXhUK5LiA\n\n\nThis is just Insane.!!', 'date': '2024-09-28 21:45:50'}",A tweet expressing outrage over the Primanti Brothers sandwich shop.
"{'title': 'Hannibal Buress 21+', 'content': 'Hi, my friends and I are going to Hannibal Buress at Pittsburgh Improv. However, only after purchasing did we realize the event is 21+. We are all 20! Are they typically relaxed enough to let us in? Do you recommend using a fake (I feel like this is a bad idea)? Please, we really want to go see him!', 'date': '2024-09-28 05:49:47'}","A group of friends wants to attend a show by Hannibal Buress but realizes the venue requires 21+ admission, leading them to ask if they can still attend."
"{'title': 'Future AHN employee. Is wegovy or Zepbound covered under Highmark Community Blue Select insurance?', 'content': 'Starting as an RN (non union) at AHN in a few weeks. Trying to understand if either medication is covered and/or what monthly cost would be. Any info would be appreciated. Thanks!', 'date': '2024-09-27 19:46:28'}",A summary of the document is: A nurse starting at AHN wants to know if either medication is covered under Highmark Community Blue Select insurance.
"{'title': 'Looking for an artist', 'content': 'Looking for and artist. Preferably one handy with a spray paint can. Looking for this project to take place during December sometime on the big box truck.', 'date': '2024-09-27 21:13:46'}",A project looking for an artist skilled with spray paint to decorate a big box truck in December.
"{'title': 'Empire strips back ', 'content': 'Did anyone go to the show last night? Is anyone planning on going this weekend?\nI went last night (opening night) and had the best time!!  I did take an edible that hit a little too hard during the emperor palpatine bit but other than that..', 'date': '2024-09-26 21:42:04'}","A review of Empire's opening night performance, mentioning an unpleasant experience with an edible."
"{'title': 'Looking for Recommendations', 'content': 'My daughter is turning a year old soon and we are looking for somewhere in the North Hills to host her birth day party. What are some places we should look into and do you have any catering recommendations?', 'date': '2024-09-27 18:53:34'}",A mother is looking for birthday party venues and catering recommendations in the North Hills.
"{'title': 'Lucky is Still Missing.', 'content': 'EDIT: Police still searching for Lucky 9/30/24\n\nhttps://www.wtae.com/article/hes-more-than-a-dog-to-me-retired-marines-dog-missing-after-car-stolen/62339468', 'date': '2024-09-26 10:08:01'}",Police are still searching for a dog named Lucky after it was stolen from a car.
"{'title': 'where to get a lot of cheap / decorative pumpkins?', 'content': 'I need to get a big pile of pumpkins together for an event.  some warty/blue/exotic pumpkins would be welcome.  any recommendations besides sams club?', 'date': '2024-09-27 15:16:02'}",Where to find a large supply of cheap and decorative pumpkins for an event?
"{'title': 'Language Learning in PGH', 'content': 'I know many many many languages are spoken in Pittsburgh and in different neighbors, but in your opinion, if someone learned a second language here - what one would be most useful/used?', 'date': '2024-09-26 21:04:10'}",People in Pittsburgh are interested in learning a second language for practical use.
"{'title': 'LSAT Study Groups/Resources?', 'content': ""I'm a prospective Law School Student. I'll be prepping for the LSAT soon and I was looking for any groups or resources. Also, I will be applying to multiple schools with Pitt and Duquesne being on the top of my list so let me know of your experiences. Unsolicited advice on law school in general is also extremely appreciated."", 'date': '2024-09-27 18:15:15'}","A prospective Law School Student seeking study groups and resources for the LSAT, particularly interested in applying to Pitt and Duquesne."
"{'title': ""Don't forget Russ played baseball"", 'content': ""Russ can maybe play for the Bucs while he's here..."", 'date': '2024-09-26 11:12:31'}",Russ might play for the Bucs during his stay.
"{'title': 'Endocrinologist for AHN?', 'content': 'I really like seeing the Dr recommendations on this subreddit and I‚Äôve been struggling to find a Dr for my hashimotos.\n\nAnyone you like that is under AHN vs UPMC?', 'date': '2024-09-27 13:20:01'}",Summary: Seeking an endocrinologist recommendation for Hashimoto's disease at AHN or UPMC.
"{'title': 'Welcome to Bloomfield!', 'content': 'Anybody remember the Welcome to Bloomfield sign? The OG flowers blooming one, none of this ‚ÄúPittsburgh‚Äôs Little Italy‚Äù ridiculousness I keep finding on Google. I live in NY now, and I want a pic to remember it by but I can‚Äôt find anything when I search for it üò©', 'date': '2024-09-26 20:23:51'}","A sign from Bloomfield, New York, that was once called ""Pittsburgh's Little Italy"" but is now remembered by its original flowers."
"{'title': 'The Great Race', 'content': '1st: heads up the great race is this Sunday. Roads will be closed.\n2nd: what time do Yinz usually get dahntahn to park?', 'date': '2024-09-27 12:46:43'}","The Great Race is scheduled for Sunday with road closures, and someone asks about parking times."
"{'title': 'Amtrak New Route; Pittsburgh to Florida', 'content': 'Anyone have any  idea how long this trip would take?', 'date': '2024-09-25 21:20:50'}",A question about travel time on a new Amtrak route from Pittsburgh to Florida.
"{'title': 'Is there a holiday of event this weekend?', 'content': 'Not sure if I‚Äôm just completely clueless (not that wild of an idea) or maybe I‚Äôm just seeing something in my head that‚Äôs not there; but is there a ridiculous amount of police out on the interstates today or what?  \n\nFrom Pitt down to Wheeling. In places they typically ignore. Something going on I‚Äôm not invited to?', 'date': '2024-09-27 15:46:07'}",There is no holiday or event this weekend.
"{'title': 'HELP! Stuck at airport, need diapers', 'content': ""We have had some terrible rerouting of flights and are now stuck at the airport for a 27 hour layover. We are fresh out of diapers. I've tried door dash but it says no stores available. GrubHub had no diapers, target only ships. Are there any local tricks to get diapers delivered to our hotel at the airport? \n\nI really can't afford to do a rental car, find a car seat just to drive to target for diapers. Any advice would be greatly appreciated!\n\nUpdate! Thank you all so much for your replies and ideas. Pittsburgh has a community unlike a lot of others we've been to, you are wonderful people. American airlines has changed what was supposed to be a 17 hour Transit into 4 days, we just didn't plan for that and all the spare diapers are in checked baggage back in Charlotte of course. The rite aid only carries newborn diapers, the 711 didn't have any. I had one more when making the post which is this morning diaper. Decided to just rent a car to grab them, find a good playground nearby and possibly old navy for a change of clothes. I wish I could respond to every one of you. Truly thank you from the bottom of my family's hearts."", 'date': '2024-09-26 00:57:08'}",A 27-hour layover at an airport with no diapers available.
"{'title': 'Anyone have experience with a therapist who takes medicaid?', 'content': 'Not sure if the online directories are accurate so I wanted to check here just in case. ty in advance', 'date': '2024-09-27 01:45:53'}",A question seeking information on therapists accepting Medicaid.
"{'title': 'Medical Assistance Transportation Program (MATP)', 'content': 'Anyone else have trouble trying to get appointments scheduled for the door-to-door service through MATP, which is part of Allegheny County? Every single time I call to try and schedule transportation for the woman I care for, there‚Äôs some problem. Either I get hung up on or put back into the queue to wait for another 20 minutes for a different operator to pick up. There‚Äôs one particular woman who works there as an operator who refuses to identify herself when she answers. And when I‚Äôve asked her what her name is, that‚Äôs when I get hung up on or put back into the queue. It‚Äôs ridiculous. These people are so very obviously neither trauma-informed nor neurodivergent-informed and as a result, they are causing harm.\n\nWho do I complain to? The supervisor there (Terri) says she‚Äôs aware of the problems, but has no control over it. And her supervisor has never returned my message.\n\nThe NAMS people who actually provide the transportation are wonderful. It‚Äôs just these MATP people who are awful human beings.\n\nWhat would you do? Do you have horror stories, too?', 'date': '2024-09-26 17:28:03'}","A medical assistance transportation program in Allegheny County is plagued by inefficiencies and issues with operators refusing to identify themselves, causing frustration and harm to users."
"{'title': 'is there something going on next weekend? (oct 5-6)', 'content': ""i'm supposed to be in town next weekend but when trying to find a hotel, everything is either booked or like over $1000/night. am i dumb and missing something major going on in town that weekend?"", 'date': '2024-09-27 03:03:30'}",Is the author unable to find a hotel for their upcoming weekend due to high prices?
"{'title': 'Closest Decent Cave?', 'content': 'My four year old has gotten into the idea of caves lately. Not sure where it came from, but where\'s the closest decent cave? We went  to that ""cave"" near the Montour Trail, and it\'s just a little room in the rock face. Mega lame. At least there was a ton of crawdads in the creek nearby.\n\nBut, where\'s the caves?', 'date': '2024-09-26 12:20:24'}","A four-year-old's interest in caves and a disappointing experience at a nearby ""cave""."
"{'title': 'Window sill repair vs full window replacement ', 'content': 'Hey everyone. I‚Äôve just come to find that one of my exterior window sills (or frame?) is rotting away.\nDoes anyone have any experience with any companies or handyman that can replace or fix something like this?\nThe window itself is fine. It is just the exterior frame around the window that seems to be in a bad shape. Also any ballpark estimates on the cost for repair or replacement?\nI just moved to Pittsburgh last year and have found that this house is honestly full of surprises. Thanks in advance.', 'date': '2024-09-27 15:50:12'}",A homeowner seeking advice on repairing or replacing an exterior window sill that is rotting.
"{'title': 'What consumer products are made in Pittsburgh that we should all be aware of?', 'content': ""What awesome stuff is made in Pittsburgh? Let's share the love!"", 'date': '2024-09-26 01:25:01'}",Awesome consumer products made in Pittsburgh.
"{'title': 'What car has personally victimized you most in traffic?', 'content': 'Tie for me between a BMW 3 series and a Toyota Prius.', 'date': '2024-09-26 12:16:59'}",A tie between a BMW 3 Series and a Toyota Prius as the car that has personally victimized the respondent in traffic.
"{'title': 'Cat distribution system chose me', 'content': 'This week I found a kitten (about 6 weeks old) outside my work. She decided to follow me and I guess she‚Äôs mine now. I just graduated college and started my first job a couple months ago. I‚Äôm looking for recommendations for a good vet that won‚Äôt cost me too much. Also open to unserious names for her.', 'date': '2024-09-25 15:45:29'}","A kitten found by the author's workplace and looking for a good, affordable vet."
"{'title': 'Laser treatment prices in Pittsburgh/surrounding Pittsburgh areas?', 'content': ""Hi guys,\n\nI was curious to see if anyone in and/or around the Pittsburgh area has undergone any CO2 laser treatment for acne scars and how much they paid for it? Or any type of laser therapy for acne scars? I've tried looking up prices but they all vary from state to state. Talking to my derm, this is the best option for me and my skin issues. Thanks in advance!"", 'date': '2024-09-27 08:23:35'}",Summary: A request for CO2 laser treatment prices in Pittsburgh and surrounding areas for acne scars.
"{'title': 'Best grocery store for Instacart', 'content': 'New here, have to have groceries delivered.  I‚Äôm aware of the usual pricing (Whole Foods expensive, Aldi not) but where‚Äôs the best to have delivery? Looks like some places have ‚Äúlong distance fees.‚Äù\n\nIn terms of cost and ease of shopping on the app, what‚Äôs the best? \n\nI‚Äôm in Bloomfield.', 'date': '2024-09-27 13:55:47'}",Best grocery store for Instacart in Bloomfield based on cost and ease of shopping on the app.
"{'title': 'Pusadee‚Äôs must haves?', 'content': 'My husband and I are going tonight for the first time. What do I NEED to have? There are so many good options. The 17 ingredient salad is a given.', 'date': '2024-09-27 15:42:03'}",A 17-ingredient salad is a must-have for your dinner tonight.
"{'title': 'Adult Classes ', 'content': 'Hi all, \nI recently graduated college and am missing the learning aspect of life. Does anyone know of any classes in any area that are held locally?', 'date': '2024-09-26 16:50:13'}",Summary: Seeking local adult education classes.
"{'title': 'Pittsburgh Bans Workplace Discrimination Against Medical Marijuana Patients As Pennsylvania Lawmakers Step Up Broader Legalization Push', 'content': 'https://www.marijuanamoment.net/pittsburgh-bans-workplace-discrimination-against-medical-marijuana-patients-as-pennsylvania-lawmakers-step-up-broader-legalization-push/?', 'date': '2024-09-25 18:15:06'}",Pittsburgh has banned workplace discrimination against medical marijuana patients in response to Pennsylvania lawmakers' push for broader legalization.
"{'title': ""What's a good place to eat a nice, healthy salad and then a good, light meal for about ~1300 calories total?"", 'content': 'Bit of a niche request, but I can only think of two places that fit the bill off the top of my head. Hoping to find out about a third.', 'date': '2024-09-27 16:16:41'}",A niche request for a place to eat a healthy salad and a light meal under 1300 calories.
"{'title': 'One Day in Pittsburgh ', 'content': ""I have 24 hours to spend in Pittsburgh and I'm looking for the must do's and eats. \n\nAlso, I NEED to find a souvenir store with stickers or enamel pins that embody Pittsburgh in some way."", 'date': '2024-09-27 16:05:02'}","A 24-hour itinerary for exploring Pittsburgh with a focus on must-do activities, eats, and a souvenir purchase."
"{'title': 'To the lady who almost ran me over in a crosswalk this morning at 44th and Butler St and then acted like it was my fault ...', 'content': 'And every other person who has almost hit me or yelled at me while I have the right of way in a crosswalk:\n\n""When a pedestrian crosses the street in a crosswalk, the driver must yield.""\n\nhttps://www.penndot.gov/TravelInPA/Safety/TrafficSafetyAndDriverTopics/Pages/Pedestrian-Safety.aspx#:~:text=Pennsylvania%27s%20Vehicle%20Code%20details%20the,Tips%20for%20Pedestrians\n\nThe amount of times I\'ve almost been hit / not had people yield while I\'m in the crosswalk in this city is mind boggling. Please educate yourself and be better.', 'date': '2024-09-25 15:54:09'}",Pedestrians must yield to drivers in crosswalks in Pennsylvania.
"{'title': 'Looking for Old Sports Cards', 'content': 'If you or someone you know has sports card collections that are just laying around collecting dust, send me a message. Looking to buy cards pre-1990. The older the better!', 'date': '2024-09-27 00:21:21'}",Looking for old sports cards to buy pre-1990.
"{'title': 'best libraries and activities for toddlers? ', 'content': 'What are your favorites? Favorite programs? Favorite perks? \n\nI have a 1.5 year old here', 'date': '2024-09-27 00:00:21'}",Favorite programs and activities for toddlers.
"{'title': 'Places to live as a grad student', 'content': 'Hello, \n\nI‚Äôll be starting a graduate program in Pittsburgh come January and was hoping to get some advice from locals. I‚Äôm looking for recommendations on the surrounding areas to live in that are also relatively convenient for a UPitt student. I have only visited once. \n\nI‚Äôm open to different neighborhoods but ideally\nany students or recent grads have personal experiences or even places to eat and things to do that you would want to share, I would be very appreciative ü§ó Thanks in advance for any tips or advice you can offer!', 'date': '2024-09-27 11:55:59'}","Advice on living areas for a graduate student in Pittsburgh, including neighborhoods, amenities, and local recommendations."
"{'title': 'Reminder that it‚Äôs a law in PA that if your wipers are on, your headlights must be on', 'content': 'And with good reason, too. I can‚Äôt see your gray car in the gray rain. Turn your lights on.', 'date': '2024-09-25 13:03:06'}",A reminder to turn on headlights when wipers are on due to visibility issues in rainy conditions.
"{'title': 'People in their underwear riding bikes in the South Side?', 'content': 'I just drove by a large group of people riding bikes in their underwear on East Carson. Anybody know what that‚Äôs about?', 'date': '2024-09-27 01:35:55'}",A group of people in underwear riding bikes on Carson Street.
"{'title': 'Free covid tests at libraries? ', 'content': 'Are there any libraries in the Pittsburgh are that offer free rapid covid tests? I know of some other cities whose libraries are still offering them. I know that you can order some from the government right now also.', 'date': '2024-09-26 21:01:20'}",Free COVID tests available at libraries in Pittsburgh.
"{'title': 'U.S. Steel sale to Nippon can move forward, arbitration board rules', 'content': '[https://www.cbsnews.com/pittsburgh/news/us-steel-nippon-steel-arbitration-board/](https://www.cbsnews.com/pittsburgh/news/us-steel-nippon-steel-arbitration-board/)\n\n  \nPITTSBURGH (KDKA) ‚Äî The sale of U.S. Steel to the Japanese company Nippon cleared another hurdle on Wednesday after the company said it met all the obligations under the United Steelworkers union\'s basic labor agreement. \n\n\n\nThe board of arbitration, which is selected by U.S. Steel and the United Steelworkers to decide disputes between the two, ruled that the company has met the conditions of the successorship clause under its basic labor agreement. \n\n\n\nUnion leadership filed a series of grievances in January and the arbitration board heard evidence and arguments from both the union and the company in August.  \n\n\n\nThe board decided that Nippon Steel has recognized the United Steelworkers as the bargaining representative for union employees and has assumed all agreements applicable to those employees. \n\n\n\nArbitrators also determined that Nippon has ""provided reasonable assurances that it has both the willingness and financial wherewithal to honor the commitments in the agreements between U. S. Steel and the USW applicable to USW-represented employees,"" U.S. Steel said. \n\n\n\nThe board cited Nippon\'s written commitments, including a promise not to conduct layoffs during the term of the contract and to invest $1.4 billion in union-represented facilities.  \n\n\n\n""With the arbitration process now behind us, we look forward to moving ahead with our pending transaction with Nippon Steel,"" U.S. Steel CEO David Burritt said in a news release. ""With the significant investments and contractual commitments from Nippon Steel, we will protect and grow U. S. Steel for the benefit of our employees, communities and customers. We look forward to collaborative discussions with the USW and all our stakeholders."" \n\n\n\nSale to Nippon faces opposition\n\nWhile U.S. Steel says no further action is required under the basic labor agreement to move forward with closing the sale, the merger faces opposition from President Joe Biden.\n\n\n\nMultiple news outlets have reported that Biden plans to block the deal as soon as he receives a decision from the Committee on Foreign Investments in the United States, or CFIUS. But the White House has downplayed those reports, saying CIFUS is reviewing the deal for potential national security concerns and could advise against the merger.\n\n\n\nBoth former President Donald Trump and Vice President Kamala Harris have campaigned against the deal. \n\n\n\nBut U.S. Steel has warned that without the deal, thousands of jobs are at risk. And if the sale falls through, U.S. Steel says it ""raises serious questions"" about keeping its headquarters in Pittsburgh. \n\n\n\nThe $15 billion sale to Nippon Steel, Japan\'s largest steelmaker, was announced in December.', 'date': '2024-09-25 18:11:21'}",U.S. Steel's sale to Nippon Steel is proceeding after meeting all obligations under the union's basic labor agreement.
